4000;45,045342
3999;44,975019
3998;44,897962
3997;44,824702
3996;44,758634
3995;44,697535
3994;44,643425
3993;44,599885
3992;44,562171
3991;44,521399
3990;44,478852
3989;44,443503
3988;44,41306
3987;44,369609
3986;44,301031
3985;44,218415
3984;44,143883
3983;44,086652
3982;44,035226
3981;43,970456
3980;43,883898
3979;43,785567
3978;43,697699
3977;43,639568
3976;43,611246
3975;43,59164
3974;43,556602
3973;43,499963
3972;43,434197
3971;43,372766
3970;43,322448
3969;43,283089
3968;43,2461
3967;43,196167
3966;43,123381
3965;43,034381
3964;42,944628
3963;42,862283
3962;42,784407
3961;42,713123
3960;42,661252
3959;42,631933
3958;42,614446
3957;42,596625
3956;42,568983
3955;42,518101
3954;42,429586
3953;42,308058
3952;42,180771
3951;42,08463
3950;42,035985
3949;42,00501
3948;41,945771
3947;41,861612
3946;41,806342
3945;41,813069
3944;41,847313
3943;41,837505
3942;41,764264
3941;41,700714
3940;41,70448
3939;41,718337
3938;41,650802
3937;41,490098
3936;41,298901
3935;41,134006
3934;41,012409
3933;40,946574
3932;40,930586
3931;40,921013
3930;40,872944
3929;40,781574
3928;40,694073
3927;40,655518
3926;40,638904
3925;40,564299
3924;40,420017
3923;40,291917
3922;40,22398
3921;40,171046
3920;40,12983
3919;40,165091
3918;40,276306
3917;40,364103
3916;40,378175
3915;40,38686
3914;40,445707
3913;40,50267
3912;40,4862
3911;40,366336
3910;40,147172
3909;39,844686
3908;39,500089
3907;39,197399
3906;39,00877
3905;38,914023
3904;38,809754
3903;38,697086
3902;38,706361
3901;38,861627
3900;39,007745
3899;39,034018
3898;39,007572
3897;39,010934
3896;38,99674
3895;38,909385
3894;38,854993
3893;38,950338
3892;39,036153
3891;38,836402
3890;38,493399
3889;38,387511
3888;38,5526
3887;38,731789
3886;38,667272
3885;38,325816
3884;38,039575
3883;38,077585
3882;38,300654
3881;38,431225
3880;38,297096
3879;38,0332
3878;37,933265
3877;37,987757
3876;37,94987
3875;37,669058
3874;37,22188
3873;36,922428
3872;37,011467
3871;37,295633
3870;37,317589
3869;37,016828
3868;36,880244
3867;37,08838
3866;37,291961
3865;37,299852
3864;37,247959
3863;37,257316
3862;37,310085
3861;37,296325
3860;37,159055
3859;36,904903
3858;36,545686
3857;36,148473
3856;35,916978
3855;36,172634
3854;36,680371
3853;36,546519
3852;36,04219
3851;36,133798
3850;36,638859
3849;36,955152
3848;36,970508
3847;36,843293
3846;36,670844
3845;36,456928
3844;36,180537
3843;35,840799
3842;35,534615
3841;35,387788
3840;35,432185
3839;35,561626
3838;35,6035
3837;35,531523
3836;35,508629
3835;35,654605
3834;35,910351
3833;36,1231
3832;36,170474
3831;36,075352
3830;35,989186
3829;36,011706
3828;36,066038
3827;35,958546
3826;35,618414
3825;35,236123
3824;35,034849
3823;35,060302
3822;35,166388
3821;34,994115
3820;34,613978
3819;34,639288
3818;35,126484
3817;35,577906
3816;35,618497
3815;35,369805
3814;35,310561
3813;35,508807
3812;35,58277
3811;35,396568
3810;35,190045
3809;35,17402
3808;35,225223
3807;34,998844
3806;34,507523
3805;34,202483
3804;34,275769
3803;34,514546
3802;34,59701
3801;34,296244
3800;33,982789
3799;34,142027
3798;34,564503
3797;34,833362
3796;34,845821
3795;34,785743
3794;34,833798
3793;34,945728
3792;34,996698
3791;34,965182
3790;34,884891
3789;34,771275
3788;34,651952
3787;34,576162
3786;34,543431
3785;34,471125
3784;34,320764
3783;34,182051
3782;34,151426
3781;34,21768
3780;34,287157
3779;34,265819
3778;34,204406
3777;34,219985
3776;34,262612
3775;34,187305
3774;33,994318
3773;33,835567
3772;33,808368
3771;33,829171
3770;33,742598
3769;33,574543
3768;33,52472
3767;33,637888
3766;33,721201
3765;33,625594
3764;33,441396
3763;33,331144
3762;33,275273
3761;33,173286
3760;33,047942
3759;32,937979
3758;32,803806
3757;32,62279
3756;32,431207
3755;32,244615
3754;32,026211
3753;31,843866
3752;31,877892
3751;32,026099
3750;31,940197
3749;31,669481
3748;31,60058
3747;31,898067
3746;32,41889
3745;32,747909
3744;32,434476
3743;31,921347
3742;31,904413
3741;32,084852
3740;31,977663
3739;31,648541
3738;31,371648
3737;31,259048
3736;31,243581
3735;31,28318
3734;31,444724
3733;31,696672
3732;31,855393
3731;31,883983
3730;31,921697
3729;32,002306
3728;32,014589
3727;31,905377
3726;31,755012
3725;31,687797
3724;31,723837
3723;31,772493
3722;31,786822
3721;31,807423
3720;31,883406
3719;31,972084
3718;31,964862
3717;31,820369
3716;31,60644
3715;31,396121
3714;31,225359
3713;31,166584
3712;31,230877
3711;31,288358
3710;31,315304
3709;31,412586
3708;31,561184
3707;31,653712
3706;31,648245
3705;31,595501
3704;31,57234
3703;31,613454
3702;31,655851
3701;31,617679
3700;31,561808
3699;31,588701
3698;31,647642
3697;31,61665
3696;31,472905
3695;31,279647
3694;31,059763
3693;30,80465
3692;30,61438
3691;30,65925
3690;30,900762
3689;31,03367
3688;30,951889
3687;30,931913
3686;31,137769
3685;31,388147
3684;31,465916
3683;31,368526
3682;31,203195
3681;30,982557
3680;30,639816
3679;30,262205
3678;30,096988
3677;30,309013
3676;30,598019
3675;30,440921
3674;30,151621
3673;30,285481
3672;30,641314
3671;30,904598
3670;30,979802
3669;30,9024
3668;30,955844
3667;31,232995
3666;31,511521
3665;31,657859
3664;31,71482
3663;31,738782
3662;31,709361
3661;31,596244
3660;31,447304
3659;31,377998
3658;31,449209
3657;31,547428
3656;31,457928
3655;31,205006
3654;30,988944
3653;30,792714
3652;30,527152
3651;30,373349
3650;30,501511
3649;30,69774
3648;30,802714
3647;30,951454
3646;31,237485
3645;31,595679
3644;31,909472
3643;32,10665
3642;32,20112
3641;32,257883
3640;32,318925
3639;32,362939
3638;32,360252
3637;32,350707
3636;32,364833
3635;32,327451
3634;32,145661
3633;31,881664
3632;31,716359
3631;31,783602
3630;32,125801
3629;32,43034
3628;32,401319
3627;32,43332
3626;32,75614
3625;33,028961
3624;33,042372
3623;32,909081
3622;32,809217
3621;32,815541
3620;32,874321
3619;32,858208
3618;32,76499
3617;32,759625
3616;32,907324
3615;33,118589
3614;33,296224
3613;33,409742
3612;33,519992
3611;33,706012
3610;33,954755
3609;34,185299
3608;34,332661
3607;34,409774
3606;34,486713
3605;34,572559
3604;34,627853
3603;34,66668
3602;34,726105
3601;34,786321
3600;34,808862
3599;34,810818
3598;34,833602
3597;34,913082
3596;35,068452
3595;35,263263
3594;35,414773
3593;35,479623
3592;35,473403
3591;35,425333
3590;35,399626
3589;35,515716
3588;35,781902
3587;36,02145
3586;36,194039
3585;36,413954
3584;36,664
3583;36,851313
3582;36,961242
3581;37,037009
3580;37,110621
3579;37,190136
3578;37,272142
3577;37,35093
3576;37,426416
3575;37,492722
3574;37,530229
3573;37,508312
3572;37,404311
3571;37,227664
3570;37,037157
3569;36,944799
3568;37,033104
3567;37,215808
3566;37,383663
3565;37,594096
3564;37,87073
3563;38,122561
3562;38,305921
3561;38,4606
3560;38,621911
3559;38,77351
3558;38,876075
3557;38,909159
3556;38,899237
3555;38,9111
3554;38,994565
3553;39,127449
3552;39,235029
3551;39,284728
3550;39,306186
3549;39,328939
3548;39,375759
3547;39,478559
3546;39,643378
3545;39,844203
3544;40,059866
3543;40,273021
3542;40,45601
3541;40,584937
3540;40,664929
3539;40,729448
3538;40,812399
3537;40,923848
3536;41,046431
3535;41,15902
3534;41,242868
3533;41,275859
3532;41,250369
3531;41,202736
3530;41,196247
3529;41,262804
3528;41,377907
3527;41,501225
3526;41,625936
3525;41,770369
3524;41,941932
3523;42,119558
3522;42,279508
3521;42,421907
3520;42,555482
3519;42,676615
3518;42,776367
3517;42,858343
3516;42,933277
3515;43,000219
3514;43,048467
3513;43,079848
3512;43,112979
3511;43,165713
3510;43,235816
3509;43,303386
3508;43,357463
3507;43,40188
3506;43,44083
3505;43,485105
3504;43,554143
3503;43,648689
3502;43,751401
3501;43,849543
3500;43,934858
3499;44,001531
3498;44,054301
3497;44,10466
3496;44,156338
3495;44,199152
3494;44,217784
3493;44,209037
3492;44,193776
3491;44,210418
3490;44,286426
3489;44,403142
3488;44,496164
3487;44,509875
3486;44,453047
3485;44,391214
3484;44,387619
3483;44,456304
3482;44,561105
3481;44,656933
3480;44,724767
3479;44,763091
3478;44,771877
3477;44,757892
3476;44,74042
3475;44,738493
3474;44,760391
3473;44,809566
3472;44,8863
3471;44,977903
3470;45,059019
3469;45,107164
3468;45,115245
3467;45,090509
3466;45,048288
3465;45,005795
3464;44,973891
3463;44,952211
3462;44,93451
3461;44,922872
3460;44,933222
3459;44,978393
3458;45,046741
3457;45,102192
3456;45,112002
3455;45,080156
3454;45,041318
3453;45,017262
3452;44,992491
3451;44,943441
3450;44,876456
3449;44,822763
3448;44,801565
3447;44,802825
3446;44,818264
3445;44,86012
3444;44,929658
3443;44,99784
3442;45,033798
3441;45,03717
3440;45,034255
3439;45,04479
3438;45,064332
3437;45,076108
3436;45,067103
3435;45,034454
3434;44,978383
3433;44,897374
3432;44,793335
3431;44,676029
3430;44,556636
3429;44,439645
3428;44,325574
3427;44,213928
3426;44,102219
3425;43,988456
3424;43,87931
3423;43,788502
3422;43,720857
3421;43,662163
3420;43,591831
3419;43,503879
3418;43,409413
3417;43,325162
3416;43,262958
3415;43,221207
3414;43,183838
3413;43,134667
3412;43,073971
3411;43,012727
3410;42,951097
3409;42,873763
3408;42,770773
3407;42,653272
3406;42,544994
3405;42,464719
3404;42,41595
3403;42,384811
3402;42,346364
3401;42,281894
3400;42,190177
3399;42,078539
3398;41,949841
3397;41,80729
3396;41,665781
3395;41,545255
3394;41,453784
3393;41,38297
3392;41,317352
3391;41,241646
3390;41,14177
3389;41,011407
3388;40,861909
3387;40,715513
3386;40,586129
3385;40,475695
3384;40,386265
3383;40,319766
3382;40,260772
3381;40,175079
3380;40,03781
3379;39,860056
3378;39,680504
3377;39,531289
3376;39,415612
3375;39,315814
3374;39,21692
3373;39,117444
3372;39,019795
3371;38,916729
3370;38,793047
3369;38,63961
3368;38,461382
3367;38,271822
3366;38,083824
3365;37,907782
3364;37,75305
3363;37,624072
3362;37,512609
3361;37,398253
3360;37,262091
3359;37,101283
3358;36,928773
3357;36,759487
3356;36,600009
3355;36,452376
3354;36,322823
3353;36,218399
3352;36,132802
3351;36,042252
3350;35,922987
3349;35,771581
3348;35,604723
3347;35,442605
3346;35,297643
3345;35,176217
3344;35,079363
3343;34,996555
3342;34,905657
3341;34,786941
3340;34,637239
3339;34,469355
3338;34,301011
3337;34,145065
3336;34,005436
3335;33,877971
3334;33,755358
3333;33,632844
3332;33,510233
3331;33,389749
3330;33,274586
3329;33,168979
3328;33,075197
3327;32,987907
3326;32,894937
3325;32,787963
3324;32,67031
3323;32,551684
3322;32,438682
3321;32,333007
3320;32,234311
3319;32,140666
3318;32,049223
3317;31,960707
3316;31,881059
3315;31,813959
3314;31,752974
3313;31,685485
3312;31,603918
3311;31,509788
3310;31,408628
3309;31,306171
3308;31,209606
3307;31,126268
3306;31,057349
3305;30,995165
3304;30,929667
3303;30,858051
3302;30,788009
3301;30,731028
3300;30,690004
3299;30,652349
3298;30,597628
3297;30,516161
3296;30,419882
3295;30,331758
3294;30,26458
3293;30,2109
3292;30,152008
3291;30,075667
3290;29,986934
3289;29,904551
3288;29,847059
3287;29,818462
3286;29,804326
3285;29,783009
3284;29,741992
3283;29,683073
3282;29,615178
3281;29,546111
3280;29,480297
3279;29,420498
3278;29,369252
3277;29,328476
3276;29,297563
3275;29,271778
3274;29,243626
3273;29,207208
3272;29,160918
3271;29,105653
3270;29,041352
3269;28,965978
3268;28,877512
3267;28,777034
3266;28,670507
3265;28,567241
3264;28,474074
3263;28,390746
3262;28,316173
3261;28,258111
3260;28,228545
3259;28,227557
3258;28,238594
3257;28,243254
3256;28,23689
3255;28,226641
3254;28,218135
3253;28,210585
3252;28,201681
3251;28,189998
3250;28,172774
3249;28,146747
3248;28,112855
3247;28,077581
3246;28,048189
3245;28,027001
3244;28,009923
3243;27,989907
3242;27,963285
3241;27,93325
3240;27,904783
3239;27,876148
3238;27,839987
3237;27,793276
3236;27,741536
3235;27,691121
3234;27,641465
3233;27,589234
3232;27,535737
3231;27,484349
3230;27,433326
3229;27,377621
3228;27,317554
3227;27,259935
3226;27,208407
3225;27,157208
3224;27,097934
3223;27,030168
3222;26,96333
3221;26,90855
3220;26,868538
3219;26,83442
3218;26,792797
3217;26,735746
3216;26,665476
3215;26,591844
3214;26,524245
3213;26,463841
3212;26,403879
3211;26,338828
3210;26,27269
3209;26,216058
3208;26,174839
3207;26,144522
3206;26,115908
3205;26,083236
3204;26,044516
3203;25,997195
3202;25,939397
3201;25,87549
3200;25,815712
3199;25,767939
3198;25,731471
3197;25,699501
3196;25,665605
3195;25,626919
3194;25,583643
3193;25,538673
3192;25,496404
3191;25,459174
3190;25,424205
3189;25,385672
3188;25,340818
3187;25,293606
3186;25,252296
3185;25,221963
3184;25,199182
3183;25,175335
3182;25,144388
3181;25,105712
3180;25,060838
3179;25,011022
3178;24,958782
3177;24,909319
3176;24,867672
3175;24,834335
3174;24,8045
3173;24,771697
3172;24,732435
3171;24,689
3170;24,648196
3169;24,615594
3168;24,589999
3167;24,564911
3166;24,53609
3165;24,505195
3164;24,475654
3163;24,448338
3162;24,422138
3161;24,395405
3160;24,365698
3159;24,331518
3158;24,296343
3157;24,268151
3156;24,251596
3155;24,241541
3154;24,226843
3153;24,200243
3152;24,163048
3151;24,121532
3150;24,0817
3149;24,047333
3148;24,01981
3147;23,997637
3146;23,977006
3145;23,954307
3144;23,928704
3143;23,902188
3142;23,877087
3141;23,853513
3140;23,828271
3139;23,796598
3138;23,756755
3137;23,712497
3136;23,669154
3135;23,628177
3134;23,587887
3133;23,549111
3132;23,517249
3131;23,497473
3130;23,488364
3129;23,480758
3128;23,463921
3127;23,434622
3126;23,399793
3125;23,368786
3124;23,344773
3123;23,324582
3122;23,304005
3121;23,281197
3120;23,256058
3119;23,229326
3118;23,203649
3117;23,182845
3116;23,167901
3115;23,15554
3114;23,141969
3113;23,126238
3112;23,108856
3111;23,088904
3110;23,063653
3109;23,030912
3108;22,992402
3107;22,955444
3106;22,928708
3105;22,913931
3104;22,904356
3103;22,892655
3102;22,878133
3101;22,864724
3100;22,853718
3099;22,84091
3098;22,821769
3097;22,797941
3096;22,776518
3095;22,762913
3094;22,755882
3093;22,749464
3092;22,738401
3091;22,721579
3090;22,70139
3089;22,681264
3088;22,663606
3087;22,648199
3086;22,631533
3085;22,608755
3084;22,57825
3083;22,544291
3082;22,514441
3081;22,49449
3080;22,485481
3079;22,483605
3078;22,481958
3077;22,474144
3076;22,45865
3075;22,440299
3074;22,424932
3073;22,412095
3072;22,395635
3071;22,371337
3070;22,340768
3069;22,307728
3068;22,275083
3067;22,246645
3066;22,227981
3065;22,221421
3064;22,221974
3063;22,220712
3062;22,211423
3061;22,193298
3060;22,169647
3059;22,14651
3058;22,130559
3057;22,123883
3056;22,11991
3055;22,108488
3054;22,086565
3053;22,061575
3052;22,043621
3051;22,035639
3050;22,03152
3049;22,02227
3048;22,002755
3047;21,974066
3046;21,942078
3045;21,91366
3044;21,89218
3043;21,875814
3042;21,860651
3041;21,844537
3040;21,827589
3039;21,811443
3038;21,799063
3037;21,792752
3036;21,790006
3035;21,783076
3034;21,765945
3033;21,74073
3032;21,71443
3031;21,691512
3030;21,673199
3029;21,661104
3028;21,655936
3027;21,653557
3026;21,647149
3025;21,634311
3024;21,619252
3023;21,607072
3022;21,598466
3021;21,590688
3020;21,580899
3019;21,567285
3018;21,549859
3017;21,532435
3016;21,521221
3015;21,518517
3014;21,519306
3013;21,516462
3012;21,507685
3011;21,495126
3010;21,480471
3009;21,464137
3008;21,448685
3007;21,439138
3006;21,438132
3005;21,441807
3004;21,442001
3003;21,432778
3002;21,414662
3001;21,393455
3000;21,375511
2999;21,363607
2998;21,357221
2997;21,35556
2996;21,35774
2995;21,359933
2994;21,355651
2993;21,341452
2992;21,321007
2991;21,301297
2990;21,285868
2989;21,273873
2988;21,264287
2987;21,25767
2986;21,253581
2985;21,249007
2984;21,240966
2983;21,230206
2982;21,221314
2981;21,218634
2980;21,221679
2979;21,224695
2978;21,221627
2977;21,211958
2976;21,200772
2975;21,192479
2974;21,186087
2973;21,178069
2972;21,168091
2971;21,159018
2970;21,151911
2969;21,144409
2968;21,134633
2967;21,124076
2966;21,115496
2965;21,109804
2964;21,10592
2963;21,101725
2962;21,093732
2961;21,077814
2960;21,052862
2959;21,023327
2958;20,996402
2957;20,976802
2956;20,965135
2955;20,95977
2954;20,957797
2953;20,954866
2952;20,947445
2951;20,936403
2950;20,925958
2949;20,91767
2948;20,907424
2947;20,890015
2946;20,865407
2945;20,838889
2944;20,816273
2943;20,80066
2942;20,792616
2941;20,790894
2940;20,792754
2939;20,795312
2938;20,797057
2937;20,797386
2936;20,795241
2935;20,789543
2934;20,780549
2933;20,769387
2932;20,756702
2931;20,743268
2930;20,731434
2929;20,723765
2928;20,719838
2927;20,716153
2926;20,70998
2925;20,702276
2924;20,696343
2923;20,694461
2922;20,695919
2921;20,69706
2920;20,692796
2919;20,679121
2918;20,655217
2917;20,623571
2916;20,588846
2915;20,55653
2914;20,530418
2913;20,508956
2912;20,485168
2911;20,453251
2910;20,415613
2909;20,381746
2908;20,359396
2907;20,348035
2906;20,340836
2905;20,330607
2904;20,313448
2903;20,290171
2902;20,265735
2901;20,246463
2900;20,234081
2899;20,22525
2898;20,215521
2897;20,20258
2896;20,186828
2895;20,169815
2894;20,154399
2893;20,144164
2892;20,140596
2891;20,140704
2890;20,138575
2889;20,129797
2888;20,11513
2887;20,100715
2886;20,093569
2885;20,094514
2884;20,095855
2883;20,088936
2882;20,074472
2881;20,062224
2880;20,059027
2879;20,060203
2878;20,055263
2877;20,039733
2876;20,018729
2875;20,000694
2874;19,990493
2873;19,987356
2872;19,986169
2871;19,980695
2870;19,968109
2869;19,951176
2868;19,935366
2867;19,924491
2866;19,919704
2865;19,920505
2864;19,924028
2863;19,924755
2862;19,918693
2861;19,908483
2860;19,90185
2859;19,903995
2858;19,912909
2857;19,922187
2856;19,92651
2855;19,924241
2854;19,91729
2853;19,9101
2852;19,907114
2851;19,908877
2850;19,910466
2849;19,904971
2848;19,889409
2847;19,867292
2846;19,845381
2845;19,827839
2844;19,813395
2843;19,798295
2842;19,781641
2841;19,767121
2840;19,759402
2839;19,759464
2838;19,763512
2837;19,765314
2836;19,759698
2835;19,745782
2834;19,728251
2833;19,71424
2832;19,70712
2831;19,70374
2830;19,698562
2829;19,689426
2828;19,677679
2827;19,663948
2826;19,646822
2825;19,626418
2824;19,607102
2823;19,594767
2822;19,591438
2821;19,593173
2820;19,593327
2819;19,587955
2818;19,57822
2817;19,567839
2816;19,558645
2815;19,54927
2814;19,537747
2813;19,523968
2812;19,509241
2811;19,494868
2810;19,48208
2809;19,47211
2808;19,465052
2807;19,459415
2806;19,453849
2805;19,448338
2804;19,442571
2803;19,434373
2802;19,421856
2801;19,406669
2800;19,392902
2799;19,382404
2798;19,372882
2797;19,361385
2796;19,348405
2795;19,337469
2794;19,330972
2793;19,326975
2792;19,320214
2791;19,306653
2790;19,287859
2789;19,271023
2788;19,263725
2787;19,267478
2786;19,275713
2785;19,27828
2784;19,269092
2783;19,250635
2782;19,231294
2781;19,217739
2780;19,209799
2779;19,203046
2778;19,19523
2777;19,188411
2776;19,18493
2775;19,183648
2774;19,181263
2773;19,175827
2772;19,167877
2771;19,159252
2770;19,15174
2769;19,145632
2768;19,138609
2767;19,127549
2766;19,112823
2765;19,099587
2764;19,093123
2763;19,093669
2762;19,09682
2761;19,097567
2760;19,092375
2759;19,079172
2758;19,058705
2757;19,036048
2756;19,018347
2755;19,009904
2754;19,009985
2753;19,014716
2752;19,019512
2751;19,020428
2750;19,016049
2749;19,00928
2748;19,005686
2747;19,008473
2746;19,015116
2745;19,019074
2744;19,014541
2743;19,000314
2742;18,980486
2741;18,961838
2740;18,949665
2739;18,945375
2738;18,947477
2737;18,953275
2736;18,958712
2735;18,958491
2734;18,949369
2733;18,933783
2732;18,918251
2731;18,907371
2730;18,900651
2729;18,895443
2728;18,89111
2727;18,889064
2726;18,889716
2725;18,890766
2724;18,88851
2723;18,880601
2722;18,868111
2721;18,855287
2720;18,846572
2719;18,84306
2718;18,841657
2717;18,837684
2716;18,828374
2715;18,814753
2714;18,801214
2713;18,792829
2712;18,791385
2711;18,793291
2710;18,79226
2709;18,784974
2708;18,773792
2707;18,763626
2706;18,756831
2705;18,751789
2704;18,745833
2703;18,738391
2702;18,730956
2701;18,72474
2700;18,719183
2699;18,712882
2698;18,705557
2697;18,698703
2696;18,694484
2695;18,694186
2694;18,697322
2693;18,701413
2692;18,702707
2691;18,698247
2690;18,688231
2689;18,67634
2688;18,667318
2687;18,663813
2686;18,664766
2685;18,666005
2684;18,662912
2683;18,654185
2682;18,643561
2681;18,636438
2680;18,633958
2679;18,631655
2678;18,624992
2677;18,614873
2676;18,606041
2675;18,600945
2674;18,597525
2673;18,593206
2672;18,588985
2671;18,58832
2670;18,592727
2669;18,599288
2668;18,602346
2667;18,597604
2666;18,585352
2665;18,570528
2664;18,559428
2663;18,555538
2662;18,557682
2661;18,561821
2660;18,564791
2659;18,566456
2658;18,568192
2657;18,569533
2656;18,567509
2655;18,560045
2654;18,548963
2653;18,538147
2652;18,529504
2651;18,522695
2650;18,518102
2649;18,516774
2648;18,516547
2647;18,511489
2646;18,497754
2645;18,478564
2644;18,461332
2643;18,450846
2642;18,446657
2641;18,44536
2640;18,44329
2639;18,438387
2638;18,432113
2637;18,428944
2636;18,431569
2635;18,437069
2634;18,439981
2633;18,438288
2632;18,43383
2631;18,427543
2630;18,418011
2629;18,405403
2628;18,393426
2627;18,385471
2626;18,380826
2625;18,376462
2624;18,3711
2623;18,365842
2622;18,361723
2621;18,358238
2620;18,354282
2619;18,349831
2618;18,346542
2617;18,346167
2616;18,347593
2615;18,346174
2614;18,337865
2613;18,324085
2612;18,310824
2611;18,302788
2610;18,300092
2609;18,300512
2608;18,302183
2607;18,303231
2606;18,301683
2605;18,297947
2604;18,295522
2603;18,296866
2602;18,299703
2601;18,299657
2600;18,295849
2599;18,291641
2598;18,290035
2597;18,290284
2596;18,289251
2595;18,284515
2594;18,275809
2593;18,264732
2592;18,253781
2591;18,245226
2590;18,240482
2589;18,240102
2588;18,243223
2587;18,246588
2586;18,245786
2585;18,239339
2584;18,231039
2583;18,226508
2582;18,227498
2581;18,230793
2580;18,232149
2579;18,229554
2578;18,223013
2577;18,213693
2576;18,204084
2575;18,196952
2574;18,192621
2573;18,188386
2572;18,18179
2571;18,173567
2570;18,166221
2569;18,160668
2568;18,155721
2567;18,150405
2566;18,145353
2565;18,141976
2564;18,141302
2563;18,143436
2562;18,146938
2561;18,14873
2560;18,145936
2559;18,138448
2558;18,12899
2557;18,120406
2556;18,113709
2555;18,108936
2554;18,106268
2553;18,104913
2552;18,102002
2551;18,094991
2550;18,085665
2549;18,079687
2548;18,080488
2547;18,084532
2546;18,084607
2545;18,077864
2544;18,068753
2543;18,063369
2542;18,062716
2541;18,063145
2540;18,062036
2539;18,060322
2538;18,059245
2537;18,057303
2536;18,051978
2535;18,043073
2534;18,032847
2533;18,023947
2532;18,018745
2531;18,019425
2530;18,025964
2529;18,033865
2528;18,036586
2527;18,031793
2526;18,024078
2525;18,020361
2524;18,023364
2523;18,03018
2522;18,035919
2521;18,037501
2520;18,03506
2519;18,031618
2518;18,03132
2517;18,036249
2516;18,044095
2515;18,049295
2514;18,046852
2513;18,03552
2512;18,018605
2511;18,002488
2510;17,99298
2509;17,990877
2508;17,990964
2507;17,987115
2506;17,978865
2505;17,971658
2504;17,970353
2503;17,974211
2502;17,978967
2501;17,981871
2500;17,982936
2499;17,982419
2498;17,97942
2497;17,97321
2496;17,964481
2495;17,954924
2494;17,94641
2493;17,940507
2492;17,937585
2491;17,936124
2490;17,933963
2489;17,930679
2488;17,927828
2487;17,926447
2486;17,925455
2485;17,923422
2484;17,920836
2483;17,91903
2482;17,917177
2481;17,912137
2480;17,901978
2479;17,888516
2478;17,875627
2477;17,865933
2476;17,860041
2475;17,857885
2474;17,858762
2473;17,860094
2472;17,858575
2471;17,854153
2470;17,851667
2469;17,856304
2468;17,867179
2467;17,876892
2466;17,878088
2465;17,869713
2464;17,856521
2463;17,843809
2462;17,833922
2461;17,827128
2460;17,823649
2459;17,823523
2458;17,825193
2457;17,825714
2456;17,822949
2455;17,817204
2454;17,810424
2453;17,804152
2452;17,798626
2451;17,793491
2450;17,788597
2449;17,783926
2448;17,779361
2447;17,775015
2446;17,771389
2445;17,768667
2444;17,766061
2443;17,762491
2442;17,758155
2441;17,755212
2440;17,756637
2439;17,763981
2438;17,775555
2437;17,786442
2436;17,791026
2435;17,78679
2434;17,776243
2433;17,765077
2432;17,758173
2431;17,757038
2430;17,760039
2429;17,764037
2428;17,765948
2427;17,764097
2426;17,759014
2425;17,752718
2424;17,746864
2423;17,741793
2422;17,737461
2421;17,734602
2420;17,734234
2419;17,736101
2418;17,738051
2417;17,737068
2416;17,730966
2415;17,719691
2414;17,705715
2413;17,693052
2412;17,685059
2411;17,682567
2410;17,684035
2409;17,687214
2408;17,690157
2407;17,690806
2406;17,687114
2405;17,679129
2404;17,670702
2403;17,667239
2402;17,670574
2401;17,676878
2400;17,680907
2399;17,681889
2398;17,683727
2397;17,689339
2396;17,696362
2395;17,699186
2394;17,694261
2393;17,682605
2392;17,668395
2391;17,65612
2390;17,647986
2389;17,642399
2388;17,634654
2387;17,620325
2386;17,598479
2385;17,571513
2384;17,542457
2383;17,513166
2382;17,484094
2381;17,454164
2380;17,421347
2379;17,385426
2378;17,350778
2377;17,323727
2376;17,305631
2375;17,294301
2374;17,290637
2373;17,300886
2372;17,327377
2371;17,360504
2370;17,389252
2369;17,411921
2368;17,428915
2367;17,434267
2366;17,425955
2365;17,412817
2364;17,400627
2363;17,390894
2362;17,391373
2361;17,40222
2360;17,430902
2359;17,483505
2358;17,541476
2357;17,593935
2356;17,618413
2355;17,608698
2354;17,584931
2353;17,54864
2352;17,494304
2351;17,422508
2350;17,390442
2349;17,410172
2348;17,403029
2347;17,316325
2346;17,154748
2345;17,000822
2344;16,929521
2343;16,978868
2342;17,120323
2341;17,254251
2340;17,352701
2339;17,413771
2338;17,46098
2337;17,502254
2336;17,536023
2335;17,55647
2334;17,566046
2333;17,572928
2332;17,590498
2331;17,61874
2330;17,654011
2329;17,686192
2328;17,688848
2327;17,686589
2326;17,671348
2325;17,664626
2324;17,647549
2323;17,624382
2322;17,609556
2321;17,60492
2320;17,619418
2319;17,633954
2318;17,649004
2317;17,657802
2316;17,662534
2315;17,659151
2314;17,639257
2313;17,608854
2312;17,57575
2311;17,560183
2310;17,556566
2309;17,561561
2308;17,559369
2307;17,555604
2306;17,547734
2305;17,541484
2304;17,534766
2303;17,533542
2302;17,535932
2301;17,537798
2300;17,532111
2299;17,524381
2298;17,518619
2297;17,519371
2296;17,519626
2295;17,519703
2294;17,516636
2293;17,515092
2292;17,513629
2291;17,515904
2290;17,521543
2289;17,530907
2288;17,541012
2287;17,549845
2286;17,555092
2285;17,554867
2284;17,550897
2283;17,547147
2282;17,545588
2281;17,541017
2280;17,52901
2279;17,511247
2278;17,495364
2277;17,485224
2276;17,481067
2275;17,482117
2274;17,48778
2273;17,494614
2272;17,496961
2271;17,494035
2270;17,489331
2269;17,485587
2268;17,48172
2267;17,477777
2266;17,477256
2265;17,482136
2264;17,488977
2263;17,493822
2262;17,49617
2261;17,498748
2260;17,502189
2259;17,505223
2258;17,507546
2257;17,509173
2256;17,511114
2255;17,514104
2254;17,519542
2253;17,526336
2252;17,531308
2251;17,532428
2250;17,530883
2249;17,52972
2248;17,530151
2247;17,531832
2246;17,533413
2245;17,533221
2244;17,529968
2243;17,525385
2242;17,523418
2241;17,526334
2240;17,532246
2239;17,537602
2238;17,54026
2237;17,539505
2236;17,535373
2235;17,529298
2234;17,523814
2233;17,519913
2232;17,516523
2231;17,513438
2230;17,512792
2229;17,515637
2228;17,519372
2227;17,520917
2226;17,521285
2225;17,524429
2224;17,532026
2223;17,541295
2222;17,547533
2221;17,547481
2220;17,540806
2219;17,530342
2218;17,52075
2217;17,515595
2216;17,515055
2215;17,517043
2214;17,520117
2213;17,524564
2212;17,530784
2211;17,537434
2210;17,541648
2209;17,541388
2208;17,537991
2207;17,535867
2206;17,538642
2205;17,54548
2204;17,55198
2203;17,554531
2202;17,552908
2201;17,549249
2200;17,546242
2199;17,546324
2198;17,550628
2197;17,557723
2196;17,564217
2195;17,567104
2194;17,565078
2193;17,558474
2192;17,549662
2191;17,542899
2190;17,54129
2189;17,543297
2188;17,544293
2187;17,542245
2186;17,54011
2185;17,541985
2184;17,548656
2183;17,557546
2182;17,5653
2181;17,569642
2180;17,570228
2179;17,568461
2178;17,56559
2177;17,561267
2176;17,555437
2175;17,550923
2174;17,551373
2173;17,556427
2172;17,561771
2171;17,564628
2170;17,566385
2169;17,568713
2168;17,570035
2167;17,56794
2166;17,56313
2165;17,558951
2164;17,557976
2163;17,560155
2162;17,563265
2161;17,564725
2160;17,564489
2159;17,566299
2158;17,573822
2157;17,584952
2156;17,592462
2155;17,591496
2154;17,584336
2153;17,576991
2152;17,573539
2151;17,574845
2150;17,579774
2149;17,585339
2148;17,587994
2147;17,587304
2146;17,586709
2145;17,588816
2144;17,591966
2143;17,593432
2142;17,594254
2141;17,598268
2140;17,606708
2139;17,615925
2138;17,620524
2137;17,61782
2136;17,609726
2135;17,601136
2134;17,595993
2133;17,594415
2132;17,594029
2131;17,593777
2130;17,594796
2129;17,597516
2128;17,600324
2127;17,602209
2126;17,604715
2125;17,609804
2124;17,617221
2123;17,624995
2122;17,631027
2121;17,63353
2120;17,631808
2119;17,627803
2118;17,625366
2117;17,626592
2116;17,629858
2115;17,632226
2114;17,632478
2113;17,63113
2112;17,629139
2111;17,627551
2110;17,62694
2109;17,626336
2108;17,624231
2107;17,621356
2106;17,620745
2105;17,624236
2104;17,630419
2103;17,637005
2102;17,643086
2101;17,647962
2100;17,650155
2099;17,648775
2098;17,645227
2097;17,641503
2096;17,637983
2095;17,634528
2094;17,631956
2093;17,631629
2092;17,63422
2091;17,638976
2090;17,642852
2089;17,641294
2088;17,632808
2087;17,62282
2086;17,619891
2085;17,626917
2084;17,638163
2083;17,645737
2082;17,646794
2081;17,643711
2080;17,640197
2079;17,638422
2078;17,638305
2077;17,63775
2076;17,63529
2075;17,633407
2074;17,635306
2073;17,639826
2072;17,641793
2071;17,638483
2070;17,633411
2069;17,631261
2068;17,632495
2067;17,634735
2066;17,636914
2065;17,639138
2064;17,640914
2063;17,642287
2062;17,64479
2061;17,649048
2060;17,652889
2059;17,653793
2058;17,651916
2057;17,649314
2056;17,647577
2055;17,64756
2054;17,649115
2053;17,650448
2052;17,648914
2051;17,643754
2050;17,637868
2049;17,635145
2048;17,635981
2047;17,637298
2046;17,636548
2045;17,633791
2044;17,631521
2043;17,633656
2042;17,642425
2041;17,654104
2040;17,660676
2039;17,658106
2038;17,650762
2037;17,646546
2036;17,64961
2035;17,658449
2034;17,668141
2033;17,672704
2032;17,669339
2031;17,662621
2030;17,660883
2029;17,667274
2028;17,675684
2027;17,679153
2026;17,677104
2025;17,673168
2024;17,669069
2023;17,663538
2022;17,656909
2021;17,650409
2020;17,644144
2019;17,63941
2018;17,640121
2017;17,646298
2016;17,650582
2015;17,64779
2014;17,642543
2013;17,64243
2012;17,647308
2011;17,650333
2010;17,647453
2009;17,640576
2008;17,632216
2007;17,624101
2006;17,618531
2005;17,617487
2004;17,620186
2003;17,62407
2002;17,630044
2001;17,637728
2000;17,643967
1999;17,64529
1998;17,640258
1997;17,631534
1996;17,622643
1995;17,616158
1994;17,61465
1993;17,619751
1992;17,625652
1991;17,623525
1990;17,615259
1989;17,611566
1988;17,617461
1987;17,626192
1986;17,628438
1985;17,623253
1984;17,61686
1983;17,614161
1982;17,61589
1981;17,618811
1980;17,620249
1979;17,618659
1978;17,613154
1977;17,605932
1976;17,599779
1975;17,596005
1974;17,595274
1973;17,599026
1972;17,604967
1971;17,605401
1970;17,596188
1969;17,586052
1968;17,588675
1967;17,603417
1966;17,615043
1965;17,615033
1964;17,608081
1963;17,600932
1962;17,595906
1961;17,593754
1960;17,595667
1959;17,599189
1958;17,599154
1957;17,594854
1956;17,591455
1955;17,5932
1954;17,5983
1953;17,604554
1952;17,609921
1951;17,611463
1950;17,608517
1949;17,602434
1948;17,597429
1947;17,596984
1946;17,599782
1945;17,602922
1944;17,608443
1943;17,620582
1942;17,633803
1941;17,639361
1940;17,638241
1939;17,63452
1938;17,630675
1937;17,628457
1936;17,629158
1935;17,632942
1934;17,638236
1933;17,644371
1932;17,648534
1931;17,649697
1930;17,651107
1929;17,651144
1928;17,648519
1927;17,641263
1926;17,632571
1925;17,628569
1924;17,633436
1923;17,650345
1922;17,671266
1921;17,684511
1920;17,684385
1919;17,678566
1918;17,681072
1917;17,6886
1916;17,691362
1915;17,687183
1914;17,677089
1913;17,665612
1912;17,657175
1911;17,659049
1910;17,675488
1909;17,695009
1908;17,704805
1907;17,70355
1906;17,702822
1905;17,708769
1904;17,712599
1903;17,712716
1902;17,714469
1901;17,716526
1900;17,714041
1899;17,706661
1898;17,70199
1897;17,706174
1896;17,715172
1895;17,724587
1894;17,732129
1893;17,734266
1892;17,72832
1891;17,724154
1890;17,738143
1889;17,762735
1888;17,776957
1887;17,779172
1886;17,779534
1885;17,782536
1884;17,782589
1883;17,778526
1882;17,777454
1881;17,781149
1880;17,786273
1879;17,78897
1878;17,788797
1877;17,788669
1876;17,786716
1875;17,781836
1874;17,781173
1873;17,787684
1872;17,790528
1871;17,780019
1870;17,77127
1869;17,785343
1868;17,810423
1867;17,831893
1866;17,851352
1865;17,86401
1864;17,86376
1863;17,857523
1862;17,857865
1861;17,86489
1860;17,869437
1859;17,872036
1858;17,881369
1857;17,895817
1856;17,903603
1855;17,90247
1854;17,902615
1853;17,903298
1852;17,901476
1851;17,898425
1850;17,896345
1849;17,903543
1848;17,924434
1847;17,954707
1846;17,982615
1845;18,003455
1844;18,010628
1843;18,005933
1842;18,011175
1841;18,020941
1840;18,017802
1839;18,005517
1838;18,006281
1837;18,026631
1836;18,047285
1835;18,05603
1834;18,055738
1833;18,047073
1832;18,028706
1831;18,011757
1830;18,01356
1829;18,029222
1828;18,046966
1827;18,057006
1826;18,061341
1825;18,08097
1824;18,111949
1823;18,135713
1822;18,147322
1821;18,153108
1820;18,158911
1819;18,161466
1818;18,16682
1817;18,180449
1816;18,188041
1815;18,17978
1814;18,165038
1813;18,167116
1812;18,190679
1811;18,216191
1810;18,239226
1809;18,263528
1808;18,279739
1807;18,279344
1806;18,270896
1805;18,26583
1804;18,262421
1803;18,263227
1802;18,278342
1801;18,311177
1800;18,337692
1799;18,339751
1798;18,338796
1797;18,353545
1796;18,37596
1795;18,385473
1794;18,377291
1793;18,380776
1792;18,407443
1791;18,43124
1790;18,451668
1789;18,470564
1788;18,477574
1787;18,47484
1786;18,480874
1785;18,496382
1784;18,498945
1783;18,487179
1782;18,474008
1781;18,484352
1780;18,521041
1779;18,552672
1778;18,567062
1777;18,572829
1776;18,593468
1775;18,624375
1774;18,632991
1773;18,627219
1772;18,638408
1771;18,663383
1770;18,707627
1769;18,763032
1768;18,800329
1767;18,803171
1766;18,788185
1765;18,780576
1764;18,780691
1763;18,787148
1762;18,799627
1761;18,817732
1760;18,845147
1759;18,873573
1758;18,891253
1757;18,898141
1756;18,907349
1755;18,924222
1754;18,940754
1753;18,946159
1752;18,953336
1751;18,960676
1750;18,953993
1749;18,948969
1748;18,96361
1747;18,987452
1746;18,99614
1745;19,006557
1744;19,045216
1743;19,097017
1742;19,128932
1741;19,134647
1740;19,130378
1739;19,137764
1738;19,184793
1737;19,261947
1736;19,315572
1735;19,347714
1734;19,367779
1733;19,334519
1732;19,314898
1731;19,325954
1730;19,342982
1729;19,352208
1728;19,352543
1727;19,346417
1726;19,333017
1725;19,337237
1724;19,367895
1723;19,4029
1722;19,433985
1721;19,459566
1720;19,467038
1719;19,471805
1718;19,543162
1717;19,655038
1716;19,716003
1715;19,735104
1714;19,759734
1713;19,802097
1712;19,841983
1711;19,868463
1710;19,888265
1709;19,907524
1708;19,92421
1707;19,939122
1706;19,981897
1705;20,06333
1704;20,171337
1703;20,278498
1702;20,329271
1701;20,352142
1700;20,376508
1699;20,412008
1698;20,547591
1697;20,736761
1696;20,870729
1695;20,864907
1694;20,829334
1693;20,848288
1692;20,875313
1691;20,901321
1690;20,962298
1689;21,075994
1688;21,226242
1687;21,35064
1686;21,40421
1685;21,504649
1684;21,686642
1683;21,771297
1682;21,845034
1681;21,957269
1680;22,092354
1679;22,232816
1678;22,352574
1677;22,451709
1676;22,568618
1675;22,704692
1674;22,811093
1673;22,912314
1672;23,024965
1671;23,174518
1670;23,398016
1669;23,635889
1668;23,842542
1667;24,028448
1666;24,188023
1665;24,324282
1664;24,475627
1663;24,681879
1662;24,895081
1661;25,075951
1660;25,257683
1659;25,440912
1658;25,619664
1657;25,819881
1656;26,069159
1655;26,357119
1654;26,922937
1653;27,594492
1652;27,761836
1651;27,85428
1650;27,98561
1649;28,12655
1648;28,46838
1647;29,026702
1646;29,444359
1645;29,635509
1644;29,776954
1643;29,912062
1642;30,01755
1641;30,091264
1640;30,163652
1639;30,246805
1638;30,344718
1637;30,558419
1636;30,961914
1635;31,28034
1634;31,426588
1633;31,568164
1632;31,685784
1631;31,724827
1630;31,680366
1629;31,615316
1628;31,601494
1627;31,640962
1626;31,680581
1625;31,697367
1624;31,726825
1623;31,751552
1622;31,683887
1621;31,536934
1620;31,355998
1619;31,08121
1618;30,623849
1617;29,987615
1616;29,325278
1615;28,798454
1614;28,391811
1613;27,997206
1612;27,582803
1611;27,189151
1610;26,833574
1609;26,505592
1608;26,219202
1607;25,991512
1606;25,785134
1605;25,564388
1604;25,359149
1603;25,201208
1602;25,073118
1601;24,939979
1600;24,80137
1599;24,666664
1598;24,521205
1597;24,355628
1596;24,191712
1595;24,05303
1594;23,924196
1593;23,777031
1592;23,616718
1591;23,464206
1590;23,314452
1589;23,148407
1588;22,970037
1587;22,796359
1586;22,622676
1585;22,428568
1584;22,232454
1583;22,060145
1582;21,893968
1581;21,722505
1580;21,582225
1579;21,495235
1578;21,420757
1577;21,315626
1576;21,166695
1575;21,01302
1574;20,913812
1573;20,845452
1572;20,752872
1571;20,640079
1570;20,549825
1569;20,468981
1568;20,399734
1567;20,350624
1566;20,289074
1565;20,20471
1564;20,158359
1563;20,178779
1562;20,214768
1561;20,097293
1560;19,889
1559;19,858239
1558;19,778595
1557;19,69877
1556;19,705046
1555;19,715429
1554;19,688187
1553;19,635104
1552;19,602093
1551;19,602753
1550;19,628677
1549;19,64284
1548;19,632342
1547;19,609778
1546;19,579414
1545;19,570393
1544;19,599098
1543;19,641253
1542;19,679508
1541;19,774117
1540;19,907493
1539;19,941147
1538;19,943022
1537;19,980686
1536;20,00062
1535;20,008032
1534;20,058354
1533;20,140138
1532;20,189927
1531;20,208347
1530;20,211178
1529;20,206895
1528;20,213182
1527;20,234972
1526;20,248669
1525;20,242748
1524;20,22942
1523;20,220316
1522;20,232081
1521;20,216994
1520;20,144571
1519;20,062729
1518;19,992373
1517;19,959865
1516;19,954346
1515;19,938051
1514;19,887133
1513;19,786619
1512;19,660284
1511;19,545815
1510;19,464844
1509;19,38666
1508;19,349319
1507;19,336842
1506;19,136518
1505;18,867542
1504;18,713157
1503;18,611924
1502;18,513935
1501;18,413819
1500;18,329742
1499;18,267776
1498;18,222671
1497;18,187939
1496;18,137383
1495;18,073772
1494;18,017702
1493;17,954886
1492;17,862797
1491;17,765118
1490;17,715862
1489;17,704617
1488;17,673791
1487;17,617049
1486;17,562358
1485;17,510852
1484;17,462294
1483;17,415071
1482;17,370615
1481;17,333709
1480;17,296842
1479;17,248299
1478;17,18373
1477;17,124423
1476;17,092737
1475;17,090119
1474;17,104541
1473;17,137694
1472;17,162934
1471;17,158219
1470;17,15685
1469;17,171187
1468;17,189959
1467;17,207089
1466;17,22463
1465;17,246686
1464;17,269219
1463;17,285401
1462;17,298918
1461;17,309901
1460;17,329324
1459;17,371618
1458;17,467728
1457;17,575064
1456;17,601091
1455;17,603035
1454;17,620411
1453;17,641097
1452;17,667056
1451;17,692957
1450;17,718021
1449;17,750214
1448;17,796305
1447;17,84868
1446;17,887495
1445;17,916245
1444;17,952002
1443;17,988762
1442;18,021163
1441;18,061061
1440;18,125086
1439;18,19687
1438;18,260187
1437;18,329482
1436;18,395701
1435;18,439604
1434;18,476367
1433;18,518727
1432;18,572587
1431;18,640411
1430;18,717879
1429;18,799467
1428;18,871456
1427;18,930909
1426;18,977779
1425;19,03764
1424;19,142373
1423;19,266198
1422;19,37143
1421;19,444869
1420;19,515275
1419;19,601811
1418;19,670587
1417;19,720471
1416;19,764795
1415;19,790267
1414;19,793532
1413;19,801849
1412;19,842182
1411;19,901869
1410;19,954035
1409;19,994928
1408;20,027641
1407;20,055836
1406;20,083803
1405;20,121415
1404;20,171949
1403;20,217917
1402;20,24697
1401;20,261938
1400;20,289521
1399;20,348611
1398;20,426891
1397;20,513756
1396;20,614524
1395;20,72488
1394;20,812958
1393;20,8784
1392;20,952623
1391;21,043172
1390;21,146823
1389;21,278816
1388;21,471636
1387;21,721249
1386;21,957498
1385;22,113283
1384;22,169307
1383;22,138289
1382;22,065957
1381;22,005722
1380;21,982452
1379;21,988301
1378;22,00126
1377;22,007488
1376;22,011655
1375;22,0334
1374;22,072815
1373;22,104111
1372;22,114306
1371;22,113867
1370;22,115871
1369;22,129381
1368;22,152812
1367;22,170898
1366;22,175809
1365;22,175367
1364;22,192944
1363;22,244995
1362;22,308206
1361;22,346966
1360;22,359231
1359;22,363308
1358;22,371662
1357;22,386766
1356;22,407255
1355;22,428915
1354;22,442385
1353;22,433975
1352;22,392707
1351;22,326644
1350;22,250828
1349;22,171676
1348;22,089257
1347;22,002506
1346;21,916507
1345;21,837813
1344;21,772634
1343;21,725774
1342;21,700271
1341;21,694185
1340;21,694258
1339;21,674782
1338;21,62135
1337;21,546547
1336;21,471965
1335;21,410096
1334;21,360628
1333;21,312729
1332;21,252076
1331;21,168737
1330;21,060559
1329;20,931952
1328;20,789944
1327;20,640265
1326;20,483077
1325;20,317606
1324;20,149751
1323;19,987793
1322;19,835438
1321;19,692054
1320;19,558502
1319;19,433937
1318;19,308646
1317;19,169936
1316;19,016157
1315;18,857562
1314;18,704577
1313;18,560338
1312;18,424745
1311;18,299876
1310;18,188229
1309;18,091147
1308;18,009474
1307;17,941432
1306;17,878258
1305;17,811079
1304;17,741968
1303;17,679689
1302;17,626858
1301;17,578055
1300;17,530761
1299;17,487538
1298;17,447536
1297;17,405616
1296;17,363646
1295;17,332594
1294;17,318606
1293;17,315347
1292;17,31371
1291;17,312559
1290;17,31602
1289;17,325951
1288;17,34127
1287;17,360402
1286;17,380959
1285;17,400828
1284;17,4217
1283;17,448665
1282;17,484944
1281;17,529214
1280;17,579173
1279;17,633753
1278;17,691685
1277;17,751811
1276;17,814918
1275;17,882152
1274;17,951412
1273;18,01891
1272;18,083187
1271;18,144408
1270;18,200685
1269;18,24928
1268;18,290753
1267;18,327349
1266;18,358333
1265;18,381197
1264;18,396873
1263;18,410109
1262;18,423886
1261;18,435939
1260;18,441601
1259;18,437305
1258;18,422045
1257;18,39847
1256;18,371644
1255;18,344379
1254;18,31412
1253;18,277292
1252;18,235418
1251;18,193718
1250;18,155101
1249;18,119978
1248;18,090641
1247;18,069699
1246;18,05438
1245;18,037778
1244;18,016506
1243;17,994399
1242;17,978999
1241;17,97737
1240;17,993437
1239;18,024664
1238;18,062803
1237;18,103027
1236;18,150675
1235;18,213962
1234;18,292049
1233;18,376469
1232;18,462918
1231;18,554892
1230;18,655869
1229;18,763408
1228;18,871706
1227;18,976187
1226;19,075048
1225;19,169236
1224;19,261287
1223;19,352028
1222;19,437682
1221;19,510874
1220;19,564509
1219;19,59506
1218;19,603884
1217;19,595839
1216;19,575625
1215;19,545704
1214;19,508571
1213;19,470101
1212;19,437706
1211;19,414614
1210;19,398838
1209;19,389207
1208;19,390188
1207;19,409693
1206;19,455362
1205;19,534144
1204;19,650862
1203;19,803425
1202;19,983389
1201;20,185125
1200;20,410092
1199;20,658047
1198;20,919054
1197;21,179018
1196;21,429385
1195;21,668069
1194;21,893398
1193;22,098996
1192;22,272618
1191;22,39994
1190;22,47182
1189;22,487159
1188;22,44874
1187;22,360776
1186;22,232088
1185;22,076468
1184;21,90608
1183;21,725689
1182;21,53452
1181;21,333583
1180;21,131146
1179;20,939925
1178;20,767756
1177;20,612209
1176;20,46505
1175;20,320203
1174;20,176547
1173;20,035782
1172;19,900213
1171;19,771229
1170;19,648106
1169;19,529441
1168;19,416367
1167;19,31164
1166;19,214508
1165;19,119574
1164;19,021859
1163;18,919952
1162;18,813463
1161;18,701463
1160;18,585516
1159;18,47051
1158;18,360169
1157;18,254849
1156;18,154527
1155;18,059176
1154;17,965267
1153;17,868498
1152;17,772779
1151;17,690159
1150;17,62752
1149;17,578566
1148;17,533277
1147;17,490463
1146;17,456535
1145;17,435187
1144;17,422584
1143;17,411296
1142;17,396886
1141;17,381544
1140;17,371047
1139;17,366902
1138;17,363707
1137;17,357482
1136;17,353912
1135;17,363312
1134;17,388477
1133;17,421734
1132;17,452041
1131;17,470164
1130;17,469952
1129;17,451796
1128;17,425451
1127;17,404844
1126;17,398344
1125;17,405223
1124;17,419352
1123;17,433084
1122;17,440906
1121;17,443927
1120;17,448463
1119;17,457043
1118;17,464585
1117;17,46732
1116;17,470799
1115;17,483518
1114;17,506143
1113;17,532516
1112;17,558296
1111;17,583571
1110;17,609848
1109;17,638847
1108;17,669534
1107;17,693652
1106;17,701219
1105;17,69422
1104;17,688398
1103;17,696713
1102;17,717687
1101;17,744476
1100;17,776317
1099;17,812938
1098;17,847239
1097;17,873969
1096;17,898326
1095;17,926049
1094;17,951394
1093;17,966171
1092;17,975986
1091;17,995957
1090;18,031683
1089;18,073303
1088;18,107414
1087;18,128685
1086;18,142432
1085;18,160879
1084;18,193386
1083;18,235997
1082;18,275019
1081;18,303431
1080;18,325077
1079;18,339788
1078;18,338315
1077;18,321113
1076;18,309185
1075;18,321719
1074;18,350471
1073;18,370876
1072;18,372375
1071;18,363793
1070;18,355057
1069;18,349548
1068;18,352572
1067;18,371839
1066;18,407195
1065;18,450938
1064;18,499283
1063;18,553915
1062;18,612293
1061;18,665692
1060;18,707761
1059;18,738391
1058;18,759791
1057;18,774167
1056;18,78286
1055;18,782963
1054;18,770183
1053;18,751871
1052;18,750117
1051;18,780156
1050;18,829598
1049;18,871903
1048;18,897736
1047;18,920173
1046;18,951476
1045;18,989773
1044;19,0299
1043;19,071705
1042;19,11129
1041;19,13619
1040;19,138486
1039;19,12682
1038;19,118124
1037;19,120756
1036;19,13045
1035;19,138428
1034;19,138224
1033;19,127838
1032;19,11093
1031;19,095554
1030;19,088097
1029;19,088278
1028;19,091493
1027;19,094829
1026;19,099504
1025;19,108487
1024;19,122794
1023;19,139736
1022;19,155402
1021;19,170252
1020;19,191247
1019;19,226125
1018;19,275475
1017;19,331509
1016;19,383313
1015;19,422157
1014;19,444519
1013;19,452788
1012;19,451976
1011;19,444473
1010;19,430581
1009;19,4165
1008;19,418225
1007;19,451684
1006;19,518194
1005;19,602594
1004;19,685312
1003;19,754318
1002;19,808464
1001;19,853739
1000;19,895593
999;19,931602
998;19,951963
997;19,950045
996;19,931768
995;19,911552
994;19,899245
993;19,894161
992;19,891614
991;19,890544
990;19,892936
989;19,899641
988;19,910221
987;19,925549
986;19,947999
985;19,979011
984;20,017036
983;20,057203
982;20,093104
981;20,120786
980;20,142486
979;20,166136
978;20,199306
977;20,242018
976;20,285615
975;20,3202
974;20,344214
973;20,365503
972;20,392061
971;20,423942
970;20,456628
969;20,490006
968;20,528968
967;20,574723
966;20,620346
965;20,657504
964;20,684789
963;20,707425
962;20,731344
961;20,75945
960;20,791429
959;20,824796
958;20,857206
957;20,888923
956;20,92137
955;20,952766
954;20,978462
953;20,99766
952;21,016947
951;21,044214
950;21,080665
949;21,121299
948;21,161151
947;21,19749
946;21,227217
945;21,24669
944;21,255737
943;21,259761
942;21,266146
941;21,278639
940;21,29519
939;21,310619
938;21,321742
937;21,330926
936;21,344588
935;21,367758
934;21,400711
933;21,441458
932;21,489848
931;21,546674
930;21,60889
929;21,668108
928;21,715488
927;21,748724
926;21,774609
925;21,804329
924;21,845064
923;21,895216
922;21,947478
921;21,995619
920;22,036254
919;22,063939
918;22,068375
917;22,040871
916;21,984467
915;21,915332
914;21,851803
913;21,80222
912;21,764185
911;21,733046
910;21,707782
909;21,690291
908;21,684102
907;21,694984
906;21,728271
905;21,782309
904;21,847133
903;21,913266
902;21,980659
901;22,055409
900;22,138886
899;22,225379
898;22,311007
897;22,39876
896;22,49143
895;22,584847
894;22,673106
893;22,756176
892;22,835615
891;22,904966
890;22,952217
889;22,973339
888;22,977879
887;22,978102
886;22,975031
885;22,958269
884;22,919626
883;22,864641
882;22,808661
881;22,762747
880;22,727697
879;22,702722
878;22,693017
877;22,70191
876;22,719232
875;22,728127
874;22,726713
873;22,735107
872;22,775291
871;22,849173
870;22,941563
869;23,038801
868;23,135867
867;23,228372
866;23,308694
865;23,373233
864;23,427314
863;23,480138
862;23,538152
861;23,603719
860;23,675567
859;23,748485
858;23,816265
857;23,877359
856;23,935351
855;23,992333
854;24,044074
853;24,083791
852;24,109831
851;24,128203
850;24,147616
849;24,172912
848;24,203833
847;24,23868
846;24,275753
845;24,309688
844;24,330057
843;24,329498
842;24,314186
841;24,301154
840;24,301931
839;24,310781
838;24,310843
837;24,29016
836;24,250479
835;24,203114
834;24,158677
833;24,119108
832;24,077123
831;24,023558
830;23,957472
829;23,889824
828;23,835663
827;23,800821
826;23,776134
825;23,746562
824;23,706093
823;23,660812
822;23,616682
821;23,569925
820;23,515347
819;23,460732
818;23,423401
817;23,410198
816;23,407633
815;23,394688
814;23,360513
813;23,308005
812;23,247193
811;23,189727
810;23,142211
809;23,096963
808;23,034147
807;22,941847
806;22,832423
805;22,731961
804;22,655681
803;22,599996
802;22,555255
801;22,51683
800;22,483495
799;22,455279
798;22,438302
797;22,44538
796;22,484885
795;22,550191
794;22,62446
793;22,696116
792;22,766926
791;22,84509
790;22,93398
789;23,030639
788;23,135248
787;23,259043
786;23,418853
785;23,621663
784;23,854875
783;24,091002
782;24,299596
781;24,455755
780;24,545407
779;24,572274
778;24,559886
777;24,539597
776;24,533439
775;24,548574
774;24,584135
773;24,637578
772;24,70429
771;24,775649
770;24,841352
769;24,896458
768;24,948413
767;25,014678
766;25,105829
765;25,209528
764;25,299599
763;25,364423
762;25,416551
761;25,468377
760;25,511559
759;25,534516
758;25,551374
757;25,594818
756;25,680371
755;25,791456
754;25,900348
753;25,992246
752;26,067898
751;26,134885
750;26,201341
749;26,271456
748;26,344425
747;26,420407
746;26,502546
745;26,585895
744;26,652229
743;26,690256
742;26,717523
741;26,767131
740;26,853088
739;26,961517
738;27,073588
737;27,180422
736;27,27478
735;27,347822
734;27,402881
733;27,460297
732;27,539179
731;27,64007
730;27,74756
729;27,844106
728;27,92181
727;27,987356
726;28,057409
725;28,139457
724;28,216166
723;28,260946
722;28,269686
721;28,265771
720;28,271482
719;28,286753
718;28,301191
717;28,31168
716;28,319259
715;28,320889
714;28,312711
713;28,295204
712;28,26925
711;28,233797
710;28,192531
709;28,15615
708;28,13559
707;28,134795
706;28,151043
705;28,178279
704;28,207898
703;28,234641
702;28,262418
701;28,294246
700;28,324741
699;28,351931
698;28,389417
697;28,455151
696;28,544468
695;28,631695
694;28,698597
693;28,743401
692;28,772365
691;28,795098
690;28,825796
689;28,875229
688;28,936299
687;28,998068
686;29,067679
685;29,153567
684;29,239689
683;29,298643
682;29,327561
681;29,346445
680;29,367264
679;29,387183
678;29,416862
677;29,468685
676;29,543106
675;29,625141
674;29,696322
673;29,754508
672;29,799175
671;29,844585
670;29,917532
669;30,087702
668;30,41979
667;30,843502
666;31,055661
665;30,919433
664;30,680549
663;30,555895
662;30,559418
661;30,626973
660;30,714013
659;30,810793
658;30,918096
657;31,025406
656;31,121472
655;31,197296
654;31,25165
653;31,304501
652;31,368693
651;31,434018
650;31,493075
649;31,561362
648;31,657247
647;31,775995
646;31,901663
645;32,022967
644;32,126785
643;32,206481
642;32,283025
641;32,389599
640;32,52344
639;32,636465
638;32,691466
637;32,703559
636;32,707372
635;32,718396
634;32,743624
633;32,794715
632;32,870545
631;32,95015
630;33,020933
629;33,095351
628;33,188552
627;33,29914
626;33,425869
625;33,574874
624;33,737276
623;33,890837
622;34,034726
621;34,192202
620;34,365434
619;34,51992
618;34,631353
617;34,716181
616;34,794754
615;34,859248
614;34,898652
613;34,918498
612;34,917471
611;34,880225
610;34,811497
609;34,743645
608;34,696415
607;34,656922
606;34,61386
605;34,581461
604;34,5779
603;34,606529
602;34,659573
601;34,711464
600;34,71464
599;34,643641
598;34,542016
597;34,481349
596;34,480564
595;34,509398
594;34,560987
593;34,663002
592;34,802983
591;34,907438
590;34,935073
589;34,930134
588;34,948217
587;34,986541
586;35,014429
585;35,028386
584;35,046583
583;35,078732
582;35,131289
581;35,212149
580;35,306202
579;35,379369
578;35,428421
577;35,493495
576;35,597858
575;35,707975
574;35,781446
573;35,820581
572;35,851152
571;35,886806
570;35,931788
569;35,985742
568;36,030164
567;36,040948
566;36,029321
565;36,033712
564;36,06764
563;36,111114
562;36,153087
561;36,200444
560;36,239533
559;36,241782
558;36,221816
557;36,233232
556;36,287142
555;36,332777
554;36,342239
553;36,357907
552;36,424532
551;36,527242
550;36,62715
549;36,714604
548;36,793868
547;36,856637
546;36,908006
545;36,97828
544;37,075833
543;37,168946
542;37,239102
541;37,306745
540;37,38262
539;37,446102
538;37,501641
537;37,597524
536;37,751866
535;37,909436
534;38,01846
533;38,094627
532;38,169452
531;38,241909
530;38,31599
529;38,414622
528;38,511028
527;38,513744
526;38,388596
525;38,236185
524;38,155943
523;38,125489
522;38,088823
521;38,058145
520;38,06296
519;38,061943
518;37,98875
517;37,850562
516;37,691108
515;37,511561
514;37,307855
513;37,116813
512;36,968611
511;36,84203
510;36,708861
509;36,574694
508;36,443222
507;36,304205
506;36,197832
505;36,219779
504;36,406278
503;36,65784
502;36,824358
501;36,871785
500;36,892757
499;36,96449
498;37,089131
497;37,233987
496;37,371168
495;37,506332
494;37,684349
493;37,926828
492;38,163905
491;38,298748
490;38,357301
489;38,461081
488;38,646767
487;38,832615
486;38,968605
485;39,110897
484;39,29862
483;39,482132
482;39,638316
481;39,811132
480;39,988994
479;40,088662
478;40,112998
477;40,176665
476;40,309908
475;40,405293
474;40,428851
473;40,527748
472;40,798223
471;41,106316
470;41,333547
469;41,534682
468;41,731804
467;41,813684
466;41,749583
465;41,685034
464;41,718536
463;41,807543
462;41,943748
461;42,22073
460;42,637285
459;42,99316
458;43,130489
457;43,161045
456;43,209058
455;43,210652
454;43,159722
453;43,226644
452;43,503499
451;43,808697
450;43,951536
449;43,974968
448;43,976029
447;43,925619
446;43,806456
445;43,744603
444;43,838443
443;44,003491
442;44,11044
441;44,152897
440;44,136055
439;43,99528
438;43,753571
437;43,578097
436;43,560531
435;43,594324
434;43,616544
433;43,744891
432;44,024147
431;44,273434
430;44,346931
429;44,334767
428;44,342733
427;44,323122
426;44,254381
425;44,249295
424;44,331022
423;44,330711
422;44,209885
421;44,18972
420;44,450555
419;44,849558
418;45,091348
417;45,249159
416;45,453085
415;45,542642
414;45,400359
413;45,192447
412;45,089958
411;44,999508
410;44,838913
409;44,776544
408;44,909858
407;45,034403
406;45,024743
405;45,143895
404;45,581645
403;46,113115
402;46,49195
401;46,986452
400;47,87645
